id,name,email,country,join_date,status,profile_url,avatar_url
1,Jack Rodriguez,jack.rodriguez@example.com,France,N/A,unknown,,
2,Charlie Anderson,charlie.anderson@example.com,Netherlands,N/A,unknown,,
3,William Brown,william.brown@example.com,South Korea,N/A,unknown,,
4,Hans Thomas,hans.thomas@example.com,South Korea,N/A,unknown,,
5,Oscar Martinez,oscar.martinez@example.com,Netherlands,N/A,unknown,,
6,Oscar Taylor,oscar.taylor@example.com,Sweden,N/A,unknown,,
7,Harry Anderson,harry.anderson@example.com,United Kingdom,N/A,unknown,,
8,Maria Jones,maria.jones@example.com,Australia,N/A,unknown,,
9,Thomas Jones,thomas.jones@example.com,Canada,N/A,unknown,,
10,Liu Moore,liu.moore@example.com,Egypt,N/A,unknown,,
11,Alessandro Davis,alessandro.davis@example.com,Canada,N/A,unknown,,
12,Mohammed Rodriguez,mohammed.rodriguez@example.com,South Korea,N/A,unknown,,
13,Jacob Rodriguez,jacob.rodriguez@example.com,Netherlands,N/A,unknown,,
14,Jack Thomas,jack.thomas@example.com,Brazil,N/A,unknown,,
15,John Martin,john.martin@example.com,South Korea,N/A,unknown,,
16,George Rodriguez,george.rodriguez@example.com,United States,N/A,unknown,,
17,Jacob Gonzalez,jacob.gonzalez@example.com,Spain,N/A,unknown,,
18,Oliver Johnson,oliver.johnson@example.com,Netherlands,N/A,unknown,,
19,Jack Taylor,jack.taylor@example.com,South Korea,N/A,unknown,,
20,Oliver Garcia,oliver.garcia@example.com,India,N/A,unknown,,
21,Sophie Garcia,sophie.garcia@example.com,Germany,N/A,unknown,,
22,Liu Smith,liu.smith@example.com,Norway,N/A,unknown,,
23,Anna Martinez,anna.martinez@example.com,Norway,N/A,unknown,,
24,Oscar Wilson,oscar.wilson@example.com,Brazil,N/A,unknown,,
25,Charlie Hernandez,charlie.hernandez@example.com,Brazil,N/A,unknown,,
26,Thomas Wilson,thomas.wilson@example.com,United States,N/A,unknown,,
27,Oliver Thomas,oliver.thomas@example.com,Netherlands,N/A,unknown,,
28,Harry Lopez,harry.lopez@example.com,Australia,N/A,unknown,,
29,Hans Anderson,hans.anderson@example.com,South Korea,N/A,unknown,,
30,Yuki Johnson,yuki.johnson@example.com,Japan,N/A,unknown,,
31,Yuki Smith,yuki.smith@example.com,Germany,N/A,unknown,,
32,Thomas Taylor,thomas.taylor@example.com,Spain,N/A,unknown,,
33,Jacob Taylor,jacob.taylor@example.com,Norway,N/A,unknown,,
34,James Williams,james.williams@example.com,Egypt,N/A,unknown,,
35,Maria Moore,maria.moore@example.com,India,N/A,unknown,,
36,Thomas Johnson,thomas.johnson@example.com,Germany,N/A,unknown,,
37,Yuki Johnson,yuki.johnson@example.com,Japan,N/A,unknown,,
38,John Moore,john.moore@example.com,Canada,N/A,unknown,,
39,Emma Martinez,emma.martinez@example.com,France,N/A,unknown,,
40,James Wilson,james.wilson@example.com,United Kingdom,N/A,unknown,,
41,William Anderson,william.anderson@example.com,Brazil,N/A,unknown,,
42,Sophie Miller,sophie.miller@example.com,South Korea,N/A,unknown,,
43,Jack Lopez,jack.lopez@example.com,India,N/A,unknown,,
44,Jacob Jones,jacob.jones@example.com,Italy,N/A,unknown,,
45,Maria Brown,maria.brown@example.com,India,N/A,unknown,,
46,Harry Thomas,harry.thomas@example.com,South Korea,N/A,unknown,,
47,Mohammed Jones,mohammed.jones@example.com,Canada,N/A,unknown,,
48,Emma Gonzalez,emma.gonzalez@example.com,Egypt,N/A,unknown,,
49,Emma Smith,emma.smith@example.com,Russia,N/A,unknown,,
50,Hans Brown,hans.brown@example.com,United Kingdom,N/A,unknown,,
51,Sophie Rodriguez,sophie.rodriguez@example.com,China,N/A,unknown,,
52,Jacob Taylor,jacob.taylor@example.com,Norway,N/A,unknown,,
53,Oscar Jones,oscar.jones@example.com,Sweden,N/A,unknown,,
54,William Thomas,william.thomas@example.com,Brazil,N/A,unknown,,
55,Jacob Thomas,jacob.thomas@example.com,Italy,N/A,unknown,,
56,Oscar Wilson,oscar.wilson@example.com,Australia,N/A,unknown,,
57,Liu Rodriguez,liu.rodriguez@example.com,India,N/A,unknown,,
58,Anna Martin,anna.martin@example.com,Japan,N/A,unknown,,
59,Sophie Johnson,sophie.johnson@example.com,Spain,N/A,unknown,,
60,Liu Williams,liu.williams@example.com,Germany,N/A,unknown,,
61,Alessandro Lopez,alessandro.lopez@example.com,China,N/A,unknown,,
62,James Gonzalez,james.gonzalez@example.com,Netherlands,N/A,unknown,,
63,Oscar Taylor,oscar.taylor@example.com,Russia,N/A,unknown,,
64,George Martin,george.martin@example.com,Norway,N/A,unknown,,
65,Emma Davis,emma.davis@example.com,Poland,N/A,unknown,,
66,Sophie Garcia,sophie.garcia@example.com,Germany,N/A,unknown,,
67,Jack Martinez,jack.martinez@example.com,Sweden,N/A,unknown,,
68,Jacob Smith,jacob.smith@example.com,Italy,N/A,unknown,,
69,James Smith,james.smith@example.com,Netherlands,N/A,unknown,,
70,Alessandro Martin,alessandro.martin@example.com,France,N/A,unknown,,
71,Mohammed Moore,mohammed.moore@example.com,Canada,N/A,unknown,,
72,William Johnson,william.johnson@example.com,Mexico,N/A,unknown,,
73,Alessandro Brown,alessandro.brown@example.com,Russia,N/A,unknown,,
74,Anna Jackson,anna.jackson@example.com,United Kingdom,N/A,unknown,,
75,Jack Gonzalez,jack.gonzalez@example.com,Mexico,N/A,unknown,,
76,Harry Brown,harry.brown@example.com,India,N/A,unknown,,
77,George Hernandez,george.hernandez@example.com,United Kingdom,N/A,unknown,,
78,Emma Anderson,emma.anderson@example.com,Egypt,N/A,unknown,,
79,Emma Jackson,emma.jackson@example.com,Russia,N/A,unknown,,
80,Oliver Moore,oliver.moore@example.com,United Kingdom,N/A,unknown,,
81,George Moore,george.moore@example.com,India,N/A,unknown,,
82,Alessandro Rodriguez,alessandro.rodriguez@example.com,Japan,N/A,unknown,,
83,Thomas Rodriguez,thomas.rodriguez@example.com,China,N/A,unknown,,
84,Harry Hernandez,harry.hernandez@example.com,Italy,N/A,unknown,,
85,Charlie Taylor,charlie.taylor@example.com,Germany,N/A,unknown,,
86,Charlie Martinez,charlie.martinez@example.com,Brazil,N/A,unknown,,
87,Oliver Miller,oliver.miller@example.com,Spain,N/A,unknown,,
88,Alessandro Johnson,alessandro.johnson@example.com,Sweden,N/A,unknown,,
89,Anna Miller,anna.miller@example.com,United States,N/A,unknown,,
90,Hans Gonzalez,hans.gonzalez@example.com,Spain,N/A,unknown,,
91,Oscar Anderson,oscar.anderson@example.com,Poland,N/A,unknown,,
92,Thomas Gonzalez,thomas.gonzalez@example.com,Mexico,N/A,unknown,,
93,Anna Moore,anna.moore@example.com,South Korea,N/A,unknown,,
94,Maria Smith,maria.smith@example.com,Norway,N/A,unknown,,
95,Charlie Smith,charlie.smith@example.com,Australia,N/A,unknown,,
96,William Thomas,william.thomas@example.com,China,N/A,unknown,,
97,Thomas Wilson,thomas.wilson@example.com,Russia,N/A,unknown,,
98,William Taylor,william.taylor@example.com,Sweden,N/A,unknown,,
99,Emma Moore,emma.moore@example.com,Germany,N/A,unknown,,
100,Maria Miller,maria.miller@example.com,Netherlands,N/A,unknown,,
